t,epoch,status,heading,course,speed,turn,maneuver,roa,inter_speed,inter_turn,traj_id,mmsi,calc_speed,direction,angular_difference,calc_acc,inter_lat,inter_lon,in_waterways,distance_shore
2022-07-05 15:00:12,1657033209.0,5,194.0,196.4,7.9,0.0,0,0,7.8984375,0.0,0,211813590,8.255517335914941,244.40485106759445,0.0,0.0,54.423525,10.211454,1,1.932991
2022-07-05 15:00:18,1657033219.0,5,193.0,195.6,7.9,0.0,0,0,7.8984375,0.0,0,211813590,8.255517335914941,244.40485106759445,0.0,0.0,54.423315,10.211355,1,1.92978
2022-07-05 15:00:24,1657033219.0,5,193.0,195.6,7.9,0.0,0,0,7.8984375,0.0,0,211813590,8.397645733131409,243.5055380338326,0.8993130337618425,85.27703832988038,54.423103,10.211251,1,1.927258
2022-07-05 15:00:30,1657033240.0,5,193.0,196.1,7.9,0.0,0,0,7.8984375,0.0,0,211813590,8.525431240261609,242.85149163015728,0.6540464036753235,76.67130427812019,54.422889,10.211143,1,1.92535
2022-07-05 15:00:36,1657033240.0,5,193.0,196.1,7.9,0.0,0,0,7.8984375,0.0,0,211813590,8.350175326343214,243.06731796002603,0.2158263298687472,-105.15354835103707,54.422679,10.211038,1,1.923732
2022-07-05 15:00:42,1657033240.0,5,193.0,196.1,7.9,0.0,0,0,7.8984375,0.0,0,211813590,7.777552527359838,243.89543066745213,0.8281127074261008,-343.5736793900258,54.422482,10.210943,1,1.909062
2022-07-05 15:00:48,1657033249.0,5,193.0,195.4,7.9,0.0,0,0,7.8984375,0.0,0,211813590,7.238983682970141,244.97433161562705,1.0789009481748906,-323.1413066338179,54.422297,10.210858,1,1.897762
2022-07-05 15:00:54,1657033249.0,5,193.0,195.4,7.9,0.0,0,0,7.8984375,0.0,0,211813590,8.747569390790892,243.5932274679216,1.3811041477054573,905.1514246924504,54.422076,10.21075,1,1.884671
2022-07-05 15:01:00,1657033260.0,5,193.0,196.6,7.9,0.0,0,1,7.8984375,0.0,0,211813590,9.289072186838464,242.7702353831754,0.8229920847461756,324.9016776285433,54.421843,10.210632,1,1.871135
2022-07-05 15:01:06,1657033269.0,5,194.0,196.6,7.9,0.0,0,0,7.8984375,0.0,0,211813590,8.429711485389426,243.0673553421571,0.2971199589817104,-515.6164208694228,54.421631,10.210526,1,1.859083
2022-07-05 15:01:12,1657033269.0,5,194.0,196.6,7.9,0.0,0,0,7.8984375,0.0,0,211813590,8.336233279051768,242.1845155397354,0.8828398024216995,-56.08692380259441,54.421423,10.210418,1,1.847802
2022-07-05 15:01:18,1657033279.0,5,195.0,197.8,7.9,0.0,0,0,7.8984375,0.0,0,211813590,8.403739698436794,241.3157998862141,0.8687156535212921,40.503851631015664,54.421215,10.210306,1,1.836971
2022-07-05 15:01:24,1657033279.0,5,195.0,197.8,7.9,0.0,0,0,7.8984375,0.0,0,211813590,8.401081800948313,241.8628293774436,0.5470294912294662,-1.5947384930885988,54.421006,10.210196,1,1.825845
2022-07-05 15:01:30,1657033300.0,5,194.0,197.2,7.9,0.0,0,0,7.8984375,0.0,0,211813590,8.369753289097629,241.74840899244333,0.1144203850002441,-18.79710711041085,54.420798,10.210086,1,1.814807
2022-07-05 15:01:36,1657033300.0,5,194.0,197.2,7.9,0.0,0,0,7.8984375,0.0,0,211813590,8.417959343561256,241.64667840606745,0.1017305863759077,28.92363267817615,54.420589,10.209975,1,1.803748
2022-07-05 15:01:42,1657033300.0,5,194.0,197.2,7.9,0.0,0,0,7.8984375,0.0,0,211813590,8.369757759536677,241.7484255886589,0.101747182591481,-28.920950414747185,54.420381,10.209865,1,1.79271
2022-07-05 15:01:48,1657033309.0,5,195.0,197.5,7.9,0.0,0,0,7.8984375,0.0,0,211813590,8.369759984666148,241.7484338485607,8.259901790097501e-06,0.0013350776825404,54.420173,10.209755,1,1.781903
2022-07-05 15:01:54,1657033309.0,5,195.0,197.5,7.9,0.0,0,0,7.8984375,0.0,0,211813590,8.417966064415463,241.64670332086155,0.1017305276991464,28.92364784958908,54.419964,10.209644,1,1.771439
2022-07-05 15:02:00,1657033320.0,5,194.0,197.2,7.9,0.0,0,1,7.8984375,0.0,0,211813590,8.417968318649232,241.6467116752148,8.354353241202261e-06,0.0013525402611236,54.419755,10.209533,1,1.761297
2022-07-05 15:02:06,1657033320.0,5,194.0,197.2,7.9,0.0,0,0,7.922425143971425,0.0,0,211813590,8.4143290312471,242.7394343432328,1.0927226680180129,-2.183572441279225,54.419544,10.209426,1,1.751028
2022-07-05 15:02:12,1657033339.0,5,193.0,196.2,8.0,0.0,0,0,7.968801255649511,0.0,0,211813590,8.42973666245222,243.06744305264655,0.3280087094137798,9.24457872307194,54.419332,10.20932,1,1.740932
2022-07-05 15:02:18,1657033339.0,5,193.0,196.2,8.0,0.0,0,0,7.999185604679981,0.0,0,211813590,8.38184699126228,243.72606469822637,0.6586216455797569,-28.73380271396329,54.41912,10.209217,1,1.730913
2022-07-05 15:02:24,1657033339.0,5,193.0,196.2,8.0,0.0,0,0,7.985469138052046,0.0,0,211813590,8.303033436980495,244.2865044794741,0.5604397812477657,-47.288132569071095,54.418909,10.209117,1,1.720687
2022-07-05 15:02:30,1657033360.0,5,193.0,195.9,7.9,0.0,0,0,7.945594259529209,0.0,0,211813590,8.272357015897951,244.7361417970219,0.449637317547797,-18.40585264952672,54.418698,10.209019,1,1.710317
2022-07-05 15:02:36,1657033360.0,5,193.0,195.9,7.9,0.0,0,0,7.908088185671094,0.0,0,211813590,8.240232870988747,244.63093401367365,0.1052077833482485,-19.27448694552254,54.418488,10.208921,1,1.70003
2022-07-05 15:02:42,1657033360.0,5,193.0,195.9,7.9,0.0,0,0,7.8984375,0.0,0,211813590,8.271032593188357,244.17996692806747,0.4509670856061802,18.47983331976621,54.418278,10.208821,1,1.689887
2022-07-05 15:02:48,1657033360.0,5,193.0,195.9,7.9,0.0,0,0,7.8984375,0.0,0,211813590,8.286378678438476,243.40057254600617,0.7793943820612981,9.207651150071428,54.418069,10.208718,1,1.680045
2022-07-05 15:02:54,1657033380.0,5,193.0,195.6,7.9,0.0,0,0,7.8984375,0.0,0,211813590,8.334139787114202,243.2882760452651,0.1122965007410812,28.656665205435417,54.417859,10.208614,1,1.670192
2022-07-05 15:03:00,1657033380.0,5,193.0,195.6,7.9,0.0,0,1,7.8984375,0.0,0,211813590,8.30240649851047,243.178313267716,0.1099627775490716,-19.03997316223922,54.41765,10.20851,1,1.660423
2022-07-05 15:03:06,1657033389.0,5,194.0,196.5,7.9,0.0,0,0,7.8984375,0.0,0,211813590,8.334144096774063,243.28829108434311,0.1099778166270937,19.04255895815581,54.41744,10.208406,1,1.65057
2022-07-05 15:03:12,1657033389.0,5,194.0,196.5,7.9,0.0,0,0,7.8984375,0.0,0,211813590,8.449294806250526,241.76095539192352,1.527335692419598,69.09042568587793,54.41723,10.208295,1,1.641224
2022-07-05 15:03:18,1657033399.0,5,193.0,196.6,7.9,0.0,0,0,7.8984375,0.0,0,211813590,8.466225726803358,241.5462354475227,0.2147199444008265,10.15855233169951,54.41702,10.208183,1,1.632035
2022-07-05 15:03:24,1657033399.0,5,193.0,196.6,7.9,0.0,0,0,7.879199282097209,-18.170283986610517,0,211813590,7.86716813746745,252.9470216848895,11.400786237366816,-359.43455360154496,54.416808,10.208119,1,1.619537
2022-07-05 15:03:30,1657033420.0,5,186.0,188.5,7.7,-127.0,0,0,7.819744043267527,-68.0322859302451,0,211813590,7.807942385352073,257.73505836276075,4.788036677871247,-35.53545126922657,54.416593,10.208073,1,1.605707
2022-07-05 15:03:36,1657033420.0,5,186.0,188.5,7.7,-127.0,0,0,7.744923712250731,-114.93218874851524,0,211813590,7.731009349330365,257.8844526830482,0.1493943202874561,-46.159821613024654,54.41638,10.208028,1,1.592202
2022-07-05 15:03:42,1657033420.0,5,186.0,188.5,7.7,-127.0,0,0,7.6745365218601,-94.94513031550068,0,211813590,7.776025272194639,252.46312323130132,5.421329451746857,27.009553718564483,54.416171,10.207963,1,1.580809
2022-07-05 15:03:48,1657033429.0,5,190.0,194.1,7.6,127.0,0,0,7.603902664860839,118.28943758573388,0,211813590,7.986587780437867,244.91124465803617,7.551878573265185,126.33750494593698,54.415967,10.207869,1,1.572368
2022-07-05 15:03:54,1657033429.0,5,190.0,194.1,7.6,127.0,0,0,7.631382004318166,127.0,0,211813590,8.111664626096967,243.06755542184996,1.8436892361862365,75.04610739546003,54.415763,10.207767,1,1.564911
2022-07-05 15:04:00,1657033440.0,5,194.0,197.2,7.7,127.0,0,1,7.69921875,127.0,0,211813590,8.276011161483822,241.4001303040133,1.6674251178366717,98.60792123211296,54.415558,10.207657,1,1.558395
2022-07-05 15:04:06,1657033449.0,5,195.0,197.0,7.8,0.0,0,0,7.767123602175084,32.92592592592594,0,211813590,8.259005772604686,241.61950716679135,0.2193768627781196,-10.203233327481698,54.415353,10.207548,1,1.55219
2022-07-05 15:04:12,1657033449.0,5,195.0,197.0,7.8,0.0,0,0,7.833041008607239,0.0,0,211813590,8.35550860087627,241.41601272117583,0.2034944456155187,57.90169696295032,54.415146,10.207437,1,1.546404
2022-07-05 15:04:18,1657033459.0,5,194.0,197.5,7.9,0.0,0,0,7.891188881215724,0.0,0,211813590,8.469340035958657,241.00364104456415,0.4123716766116843,68.29886104943235,54.414937,10.207323,1,1.541141
2022-07-05 15:04:24,1657033459.0,5,194.0,197.5,7.9,0.0,0,0,7.93252533582896,0.0,0,211813590,8.398106183336878,242.95804924085337,1.9544081962891937,-42.7403115730673,54.414726,10.207217,1,1.53548
2022-07-05 15:04:30,1657033480.0,5,192.0,195.4,8.0,0.0,0,0,7.969650014899781,0.0,0,211813590,8.382584017412555,244.2750799424609,1.3170307016075355,-9.313299554594323,54.414513,10.207116,1,1.529667
2022-07-05 15:04:36,1657033480.0,5,192.0,195.4,8.0,0.0,0,0,7.99450517127862,0.0,0,211813590,8.382586158534554,244.27508705290643,7.110445523039743e-06,0.0012846731998195,54.4143,10.207015,1,1.52427
2022-07-05 15:04:42,1657033480.0,5,192.0,195.4,8.0,0.0,0,0,7.987182784636488,0.0,0,211813590,8.38258829885638,244.2750941635896,7.110683156952291e-06,0.00128419309533,54.414087,10.206914,1,1.519296
2022-07-05 15:04:48,1657033489.0,5,192.0,196.2,7.9,0.0,0,0,7.901920438957476,0.0,0,211813590,8.366179709286607,243.94745608302804,0.3276380805615417,-9.845153741863657,54.413875,10.206812,1,1.5149
2022-07-05 15:04:54,1657033489.0,5,192.0,196.2,7.9,0.0,0,0,7.942313110443275,0.0,0,211813590,8.382803056990248,242.62865561588544,1.31880046714258,9.974008622184629,54.413665,10.206705,1,1.511513
2022-07-05 15:05:00,1657033500.0,5,193.0,196.9,8.0,0.0,0,1,8.0,0.0,0,211813590,8.432519252693554,241.97667863877243,0.651976977113037,29.829717421983663,54.413455,10.206595,1,1.508795
2022-07-05 15:05:06,1657033509.0,5,194.0,196.8,7.9,0.0,0,0,7.924768518518518,0.0,0,211813590,8.415830224959617,242.1931494072757,0.2164707685033136,-10.013416640362394,54.413245,10.206486,1,1.504008
2022-07-05 15:05:12,1657033509.0,5,194.0,196.8,7.9,0.0,0,0,7.900065673828125,0.0,0,211813590,8.302450329928371,243.17846755823612,0.98531815096041,-68.02793701874741,54.413036,10.206382,1,1.498017
2022-07-05 15:05:18,1657033509.0,5,194.0,196.8,7.9,0.0,0,0,7.911548583984375,0.0,0,211813590,8.080078752329822,244.0925481231148,0.9140805648786738,-133.42294655912957,54.412831,10.206284,1,1.4922
2022-07-05 15:05:24,1657033509.0,5,194.0,196.8,7.9,0.0,0,0,7.930572509765625,0.0,0,211813590,7.937609176075102,244.45881783211968,0.3662697090048539,-85.4817457528318,54.412629,10.206189,1,1.486718
2022-07-05 15:05:30,1657033549.0,5,192.0,194.9,8.0,0.0,0,0,7.953024169921875,0.0,0,211813590,7.939343719197216,245.0383337040241,0.5795158719044196,1.0407258732680449,54.412426,10.206096,1,1.481378
2022-07-05 15:05:36,1657033549.0,5,192.0,194.9,8.0,0.0,0,0,7.974790283203125,0.0,0,211813590,8.003839068913871,245.25257400126247,0.2142402972383763,38.69720982999336,54.412221,10.206003,1,1.476297
2022-07-05 15:05:42,1657033549.0,5,192.0,194.9,8.0,0.0,0,0,7.9917575683593745,0.0,0,211813590,8.195058203484816,245.31395420111355,0.0613801998510723,114.7314807425669,54.412011,10.205908,1,1.47148
2022-07-05 15:05:48,1657033549.0,5,192.0,194.9,8.0,0.0,0,0,7.999812744140624,0.0,0,211813590,8.465749678111944,245.35088651099267,0.0369323098791198,162.41488477627684,54.411794,10.20581,1,1.466928
2022-07-05 15:05:54,1657033549.0,5,192.0,194.9,8.0,0.0,0,0,8.0,0.0,0,211813590,9.022026266284596,245.21002563705537,0.1408608739372994,333.76595290359035,54.411563,10.205705,1,1.462643
2022-07-05 15:06:00,1657033560.0,5,192.0,194.8,8.0,0.0,0,1,8.0,0.0,0,211813590,9.151273689423046,245.58237579722604,0.3723501601706687,77.54845388307103,54.411328,10.2056,1,1.458646
2022-07-05 15:06:06,1657033560.0,5,192.0,194.8,8.0,0.0,0,0,8.0,0.0,0,211813590,8.468703289695698,245.89406839196823,0.311692594742226,-409.5422398364089,54.41111,10.205504,1,1.455285
2022-07-05 15:06:12,1657033579.0,5,191.0,194.8,8.0,0.0,0,0,8.0,0.0,0,211813590,8.230421785863228,245.9759907825909,0.0819223906226795,-142.9689022994818,54.410898,10.205411,1,1.452426
2022-07-05 15:06:18,1657033579.0,5,191.0,194.8,8.0,0.0,0,0,8.0,0.0,0,211813590,8.197978798556111,245.8751018855336,0.1008888970573593,-19.46579238427049,54.410687,10.205318,1,1.450059
2022-07-05 15:06:24,1657033579.0,5,191.0,194.8,8.0,0.0,0,0,8.0,0.0,0,211813590,8.321740983746674,245.16911334063144,0.7059885449021408,74.25731111433755,54.410474,10.205221,1,1.448419
2022-07-05 15:06:30,1657033599.0,5,192.0,195.5,8.0,0.0,0,0,8.0,0.0,0,211813590,8.336774514050667,244.9444113766212,0.2247019640102507,9.020118182396075,54.410261,10.205123,1,1.447333
2022-07-05 15:06:36,1657033599.0,5,192.0,195.5,8.0,0.0,0,0,8.0,0.0,0,211813590,8.354011180308254,245.2712504574274,0.3268390808062236,10.341999754551878,54.410047,10.205026,1,1.446556
2022-07-05 15:06:42,1657033599.0,5,192.0,195.5,8.0,0.0,0,0,8.0,0.0,0,211813590,8.33916686569629,245.4960968632424,0.2248464058149579,-8.906588767177936,54.409833,10.20493,1,1.446138
2022-07-05 15:06:48,1657033599.0,5,192.0,195.5,8.0,0.0,0,0,8.0,0.0,0,211813590,8.34232325371377,246.0474606666845,0.5513638034420865,1.89383281048805,54.409618,10.204836,1,1.445931
2022-07-05 15:06:54,1657033619.0,5,190.0,194.0,8.0,0.0,0,0,8.0,0.0,0,211813590,8.295401181317978,246.17546127800148,0.1280006113170202,-28.15324343747569,54.409404,10.204743,1,1.446123
2022-07-05 15:07:00,1657033619.0,5,190.0,194.0,8.0,0.0,0,0,7.996517061042524,0.0,0,211813590,8.299502570538031,246.7294672365602,0.5540059585587187,2.460833532032325,54.409189,10.204652,1,1.446523
2022-07-05 15:07:06,1657033628.0,5,190.0,193.8,7.9,0.0,0,0,7.911254715363511,0.0,0,211813590,8.151509638593625,247.92868992876788,1.1992226922076838,-88.79575916664386,54.408976,10.204567,1,1.446832
2022-07-05 15:07:12,1657033628.0,5,190.0,193.8,7.9,0.0,0,0,7.9341875,0.0,0,211813590,8.262912013971777,246.07615748741296,1.852532441354924,66.841425226891,54.408763,10.204474,1,1.427893
2022-07-05 15:07:18,1657033638.0,5,191.0,195.0,8.0,0.0,0,1,8.0,0.0,0,211813590,8.351948562865982,244.72057565108392,1.355581836329037,53.42192933652292,54.40855,10.204375,1,1.408124
2022-07-05 15:07:24,1657033638.0,5,191.0,195.0,8.0,0.0,0,0,8.0,0.0,0,211813590,8.350639607779682,244.16969302978535,0.5508826212985412,-0.7853730517798141,54.408338,10.204274,1,1.388393
2022-07-05 15:07:30,1657033659.0,5,193.0,196.5,8.0,0.0,0,0,8.0,0.0,0,211813590,8.41383848947567,243.8332947362396,0.3363982935457557,37.91932901759338,54.408125,10.204171,1,1.368618
2022-07-05 15:07:36,1657033659.0,5,193.0,196.5,8.0,0.0,0,0,8.0,0.0,0,211813590,8.413760257731152,243.28651811593147,0.546776620308151,-0.0469390467113584,54.407913,10.204066,1,1.34889
2022-07-05 15:07:42,1657033659.0,5,193.0,196.5,8.0,0.0,0,0,8.0,0.0,0,211813590,8.446055999152351,242.8499846568262,0.4365334591052772,19.377444852719705,54.407701,10.203959,1,1.329171
2022-07-05 15:07:48,1657033668.0,5,194.0,197.0,8.0,0.0,0,1,8.0,0.0,0,211813590,8.543488111156222,242.0987275788073,0.751257078018881,58.45926720232235,54.407488,10.203848,1,1.309222
2022-07-05 15:07:54,1657033679.0,5,194.0,197.2,8.0,0.0,0,0,8.0,0.0,0,211813590,8.447345763727133,242.30551421862373,0.2067866398164142,-57.68540845745313,54.407277,10.203739,1,1.289787
2022-07-05 15:08:00,1657033679.0,5,194.0,197.2,8.0,0.0,0,0,8.0,0.0,0,211813590,8.432579932542817,241.97690008369392,0.3286141349298077,-8.859498710589975,54.407067,10.203629,1,1.270522
2022-07-05 15:08:06,1657033688.0,5,193.0,197.2,8.0,0.0,0,0,8.0,0.0,0,211813590,8.560237327344876,241.88570655897595,0.091193524717994,76.59443688123524,54.406854,10.203517,1,1.251187
2022-07-05 15:08:12,1657033688.0,5,193.0,197.2,8.0,0.0,0,0,8.0,0.0,0,211813590,8.477711998716764,242.9593545085424,1.0736479495664355,-49.51519717686708,54.406641,10.20341,1,1.232642
2022-07-05 15:08:18,1657033698.0,5,192.0,195.8,8.0,0.0,0,1,8.0,0.0,0,211813590,8.39819874511659,244.05393735740256,1.094582848860199,-47.70795216010448,54.406428,10.203308,1,1.214907
2022-07-05 15:08:24,1657033709.0,5,192.0,194.8,8.0,0.0,0,0,8.0,0.0,0,211813590,8.401258389807923,245.14936053530076,1.0954231778981691,1.8357868148001444,54.406213,10.20321,1,1.197835
2022-07-05 15:08:30,1657033709.0,5,192.0,194.8,8.0,0.0,0,0,8.0,0.0,0,211813590,8.40393063197584,245.69675500160943,0.5473944663087025,1.6033453007498366,54.405997,10.203114,1,1.181271
2022-07-05 15:08:36,1657033719.0,5,192.0,195.2,8.0,0.0,0,0,8.0,0.0,0,211813590,8.38634670256789,245.3727267960415,0.3240282055679415,-10.550357644769903,54.405782,10.203017,1,1.164969
2022-07-05 15:08:42,1657033719.0,5,192.0,195.2,8.0,0.0,0,0,8.0,0.0,0,211813590,8.398207056306202,244.0539651858817,1.318761610159754,7.1162122429871735,54.405569,10.202915,1,1.148529
2022-07-05 15:08:48,1657033728.0,5,193.0,196.2,8.0,0.0,0,1,8.0,0.0,0,211813590,8.462408092982814,242.63306738066456,1.42089780521718,38.52062200596755,54.405357,10.202807,1,1.131817
2022-07-05 15:08:54,1657033739.0,5,193.0,196.8,8.0,0.0,0,0,8.0,0.0,0,211813590,8.51038124617114,242.52742956268463,0.1056378179799253,28.78389191299497,54.405144,10.202698,1,1.115338
2022-07-05 15:09:00,1657033739.0,5,193.0,196.8,8.0,0.0,0,0,8.0,0.0,0,211813590,8.478860726122136,242.41692951893285,0.1105000437517844,-18.912312029402045,54.404932,10.202589,1,1.099258
2022-07-05 15:09:06,1657033748.0,5,193.0,196.4,8.0,0.0,0,0,8.0,0.0,0,211813590,8.461584632205849,243.17666750344205,0.7597379845092007,-10.365656349772223,54.404719,10.202483,1,1.083883
2022-07-05 15:09:12,1657033748.0,5,193.0,196.4,8.0,0.0,0,0,8.0,0.0,0,211813590,8.478865184326773,242.4169453996087,0.7597221038333544,10.368331272554698,54.404507,10.202374,1,1.068611
2022-07-05 15:09:18,1657033758.0,5,193.0,196.8,8.0,0.0,0,1,8.0,0.0,0,211813590,8.446091228500142,242.8501083088115,0.4331629092028208,-19.664373495978538,54.404295,10.202267,1,1.053988
2022-07-05 15:09:24,1657033769.0,5,192.0,195.2,8.0,0.0,0,0,8.0,0.0,0,211813590,8.414721839478945,244.3802133209055,1.5301050120939976,-18.82163341271834,54.404081,10.202166,1,1.040453
2022-07-05 15:09:30,1657033769.0,5,192.0,195.2,8.0,0.0,0,0,8.0,0.0,0,211813590,8.386367167864599,245.3727914255169,0.9925781046114251,-17.012802968607943,54.403866,10.202069,1,1.02783
2022-07-05 15:09:36,1657033779.0,5,191.0,194.6,8.0,0.0,0,0,8.0,0.0,0,211813590,8.295461031380002,246.17564530274169,0.8028538772247202,-54.54368189075787,54.403652,10.201976,1,1.016157
2022-07-05 15:09:42,1657033779.0,5,191.0,194.6,8.0,0.0,0,0,8.0,0.0,0,211813590,8.327982852083863,246.27419887462207,0.0985535718804158,19.5130924223168,54.403437,10.201883,1,1.004998
2022-07-05 15:09:48,1657033788.0,5,191.0,194.6,8.0,0.0,0,1,8.0,0.0,0,211813590,8.356922756629176,245.82191625785825,0.4522826167638243,17.36394272718762,54.403222,10.201788,1,0.994157
2022-07-05 15:09:54,1657033799.0,5,192.0,195.0,8.0,0.0,0,0,8.0,0.0,0,211813590,8.327986940177253,246.2742113355465,0.4522950776882624,-17.361489871154134,54.403007,10.201695,1,0.984095
2022-07-05 15:10:00,1657033799.0,5,192.0,195.0,8.0,0.0,0,0,8.0,0.0,0,211813590,8.354084782691022,245.2714848878349,1.0027264477116091,15.658705508261408,54.402793,10.201598,1,0.97416
2022-07-05 15:10:06,1657033808.0,5,193.0,196.6,8.0,0.0,0,0,8.0,0.0,0,211813590,8.478883534192855,242.4170107628989,2.8544741249359618,74.87925090110004,54.402581,10.201489,1,0.963473
2022-07-05 15:10:12,1657033808.0,5,193.0,196.6,8.0,0.0,0,0,8.03575,0.0,0,211813590,8.477377559187579,243.5021362394728,1.0851254765738645,-0.90358500316583,54.402367,10.201384,1,0.953845
2022-07-05 15:10:18,1657033818.0,5,193.0,195.8,8.1,0.0,0,1,8.1015625,0.0,0,211813590,8.414740652066328,244.38027527491428,0.8781390354414782,-37.58214427275029,54.402153,10.201283,1,0.945284
2022-07-05 15:10:24,1657033829.0,5,193.0,195.6,8.1,0.0,0,0,8.1015625,0.0,0,211813590,8.398243723485054,244.054087953839,0.326187321075281,-9.898157148764495,54.40194,10.201181,1,0.937239
2022-07-05 15:10:30,1657033829.0,5,193.0,195.6,8.1,0.0,0,0,8.1015625,0.0,0,211813590,8.384168923388042,244.82427576048315,0.7701878066441452,-8.444880058207005,54.401726,10.201082,1,0.930169
2022-07-05 15:10:36,1657033839.0,5,192.0,193.9,8.1,0.0,0,0,8.1015625,0.0,0,211813590,8.4543096978151,246.11725848517895,1.2929827246958323,42.08446465623474,54.401508,10.200987,1,0.92377
2022-07-05 15:10:42,1657033839.0,5,192.0,193.9,8.1,0.0,0,0,8.1015625,0.0,0,211813590,8.38259261389291,248.5665817144576,2.4493232292786047,-43.03025035331381,54.401288,10.200902,1,0.918498
2022-07-05 15:10:48,1657033848.0,5,190.0,192.5,8.1,0.0,0,1,8.1015625,0.0,0,211813590,8.306884223475071,249.9551048123156,1.3885230978580123,-45.42503425070343,54.401068,10.200823,1,0.914024
2022-07-05 15:10:54,1657033848.0,5,190.0,192.5,8.1,0.0,0,0,8.1015625,0.0,0,211813590,8.344134547066384,249.25766489825003,0.6974399140655692,22.35019415478732,54.400848,10.200741,1,0.90989
2022-07-05 15:11:00,1657033868.0,5,190.0,192.8,8.1,0.0,0,0,8.1015625,0.0,0,211813590,8.344136412191368,249.25766978591736,4.887667330422119e-06,0.0011190749905409,54.400628,10.200659,1,0.906468
2022-07-05 15:11:06,1657033868.0,5,190.0,192.8,8.1,0.0,0,0,8.1015625,0.0,0,211813590,8.356824873510586,249.02660342218832,0.2310663637290417,7.613076791530916,54.400408,10.200576,1,0.903661
2022-07-05 15:11:12,1657033868.0,5,190.0,192.8,8.1,0.0,0,0,8.1015625,0.0,0,211813590,8.336534217765369,248.708082355896,0.3185210662923339,-12.174393447130427,54.400189,10.200492,1,0.901446
2022-07-05 15:11:18,1657033878.0,5,190.0,192.8,8.1,0.0,0,1,8.1015625,0.0,0,211813590,8.33653611183297,248.7080874690742,5.1131782186075725e-06,0.001136440560856,54.39997,10.200408,1,0.899961
2022-07-05 15:11:24,1657033889.0,5,190.0,192.5,8.0,0.0,0,0,8.043875610443276,0.0,0,211813590,8.283480293380245,248.29768140050905,0.4104060685651802,-31.833491071634867,54.399753,10.200323,1,0.899031
2022-07-05 15:11:30,1657033889.0,5,190.0,192.5,8.0,0.0,0,0,8.00284375,0.0,0,211813590,8.231854421937518,249.22997104540957,0.9322896449005214,-30.975522865636403,54.399536,10.200242,1,0.899237
2022-07-05 15:11:36,1657033899.0,5,189.0,191.4,8.1,0.0,0,0,8.079625,0.0,0,211813590,8.30440744144098,250.73989526448685,1.5099242190773057,43.531811702076695,54.399315,10.200166,1,0.900861
2022-07-05 15:11:42,1657033899.0,5,189.0,191.4,8.1,0.0,0,0,8.1015625,-32.925925925925924,0,211813590,8.236402758470275,252.1603637605669,1.4204684960800478,-40.8028097824225,54.399094,10.200096,1,0.90337
2022-07-05 15:11:48,1657033908.0,5,188.0,190.0,8.1,-127.0,0,1,8.1015625,-127.0,0,211813590,8.163507169356215,253.84659252881343,1.6862287682465649,-43.73735346843581,54.398873,10.200033,1,0.90659
2022-07-05 15:11:54,1657033919.0,5,187.0,189.5,8.1,0.0,0,0,8.1015625,-54.86476333583772,0,211813590,8.125037042268238,254.8234262918121,0.9768337629986376,-23.08207625278662,54.398652,10.199974,1,0.910214
2022-07-05 15:12:00,1657033919.0,5,187.0,189.5,8.1,0.0,0,0,8.1015625,0.0,0,211813590,8.187833779908633,254.1579894557865,0.6654368360256342,37.6780425842373,54.39843,10.199912,1,0.913758
2022-07-05 15:12:06,1657033928.0,5,188.0,190.8,8.1,0.0,0,0,8.1015625,0.0,0,211813590,8.225566013491017,252.3993934530457,1.758596002740802,22.639340149430254,54.398209,10.199843,1,0.913728
2022-07-05 15:12:12,1657033928.0,5,188.0,190.8,8.1,0.0,0,0,8.1015625,0.0,0,211813590,8.34029061951453,250.0386895349833,2.36070391806237,68.83476361410779,54.397988,10.199764,1,0.91234
2022-07-05 15:12:18,1657033938.0,5,189.0,192.8,8.1,0.0,0,1,8.1015625,0.0,0,211813590,8.435761044925293,247.65533001496263,2.383359520020633,57.282255246457936,54.397768,10.199675,1,0.910597
2022-07-05 15:12:24,1657033949.0,5,191.0,194.8,8.1,127.0,0,0,8.1015625,72.13523666416228,0,211813590,8.472535596785661,246.4372434733275,1.2180865416351594,22.064731116221022,54.397549,10.199581,1,0.909041
2022-07-05 15:12:30,1657033949.0,5,191.0,194.8,8.1,127.0,0,0,8.10440625,123.444,0,211813590,8.495867190899007,244.9096681248402,1.5275753484872894,13.998956468007506,54.397332,10.199481,1,0.907523
2022-07-05 15:12:36,1657033959.0,5,192.0,196.0,8.2,0.0,0,0,8.1811875,27.432,0,211813590,8.477798033435066,244.0449655213849,0.864702603455271,-10.841494478364666,54.397117,10.199378,1,0.905779
2022-07-05 15:12:42,1657033959.0,5,192.0,196.0,8.2,0.0,0,0,8.203125,0.0,0,211813590,8.509474123287463,243.06817362547503,0.976791895909912,19.005653911438003,54.396903,10.199271,1,0.903566
2022-07-05 15:12:48,1657033970.0,5,193.0,196.4,8.2,0.0,0,0,8.203125,0.0,0,211813590,8.54200937091279,242.6373835871959,0.4307900382791274,19.52114857519653,54.396689,10.199162,1,0.901581
2022-07-05 15:12:54,1657033970.0,5,193.0,196.4,8.2,0.0,0,0,8.203125,0.0,0,211813590,8.557321328490252,244.03591004405249,1.3985264568565867,9.18717454647684,54.396472,10.199058,1,0.901005
2022-07-05 15:13:00,1657033979.0,5,192.0,195.6,8.2,0.0,0,0,8.203125,0.0,0,211813590,8.513082642164905,245.2304989319731,1.1945888879206166,-26.543211795208062,54.396254,10.198959,1,0.901746
2022-07-05 15:13:06,1657033988.0,5,191.0,194.6,8.2,0.0,0,0,8.203125,0.0,0,211813590,8.45435643936194,246.11739989252672,0.8869009605536178,-35.23572168177935,54.396036,10.198864,1,0.903638
2022-07-05 15:13:12,1657033988.0,5,191.0,194.6,8.2,0.0,0,0,8.203125,0.0,0,211813590,8.472553578387325,246.43729693623837,0.3198970437116202,10.9182834152314,54.395817,10.19877,1,0.906429
2022-07-05 15:13:18,1657034000.0,5,190.0,194.1,8.2,0.0,0,0,8.203125,0.0,0,211813590,8.523672806167296,246.84990720692892,0.4126102706906067,30.67153666798248,54.395596,10.198677,1,0.910174
2022-07-05 15:13:24,1657034000.0,5,190.0,194.1,8.2,0.0,0,0,8.203125,0.0,0,211813590,8.402932395456533,247.5634642385692,0.7135570316402777,-72.44424642645768,54.395377,10.198588,1,0.897507
2022-07-05 15:13:30,1657034009.0,5,189.0,193.5,8.2,0.0,0,0,8.203125,0.0,0,211813590,8.336579050083241,248.70820336829257,1.144739129723348,-39.81200722397524,54.395158,10.198504,1,0.875232
2022-07-05 15:13:36,1657034019.0,5,188.0,191.9,8.2,0.0,0,0,8.203125,0.0,0,211813590,8.294795374564837,250.18911914077927,1.4809157724866964,-25.07020531104267,54.394938,10.198426,1,0.853613
2022-07-05 15:13:42,1657034019.0,5,188.0,191.9,8.2,0.0,0,0,8.203125,0.0,0,211813590,8.314859628069177,251.2895837326065,1.100464591827233,12.038552102604427,54.394716,10.198352,1,0.832445
2022-07-05 15:13:48,1657034030.0,5,187.0,190.6,8.2,0.0,0,0,8.203125,0.0,0,211813590,8.259466065731212,252.4738924954342,1.1843087628276976,-33.236137402779065,54.394494,10.198283,1,0.811987
2022-07-05 15:13:54,1657034030.0,5,187.0,190.6,8.2,0.0,0,0,8.160772462277093,0.0,0,211813590,8.259467680968896,252.4738960606923,3.5652581118483795e-06,0.0009691426104296,54.394272,10.198214,1,0.791821
2022-07-05 15:14:00,1657034039.0,5,188.0,190.8,8.1,0.0,0,0,8.1015625,0.0,0,211813590,8.281206688224287,251.9982581657378,0.4756378949545023,13.043404353234678,54.39405,10.198143,1,0.771785
2022-07-05 15:14:06,1657034048.0,5,188.0,191.2,8.1,0.0,0,0,8.1015625,0.0,0,211813590,8.259198528041033,250.8948849512576,1.1033732144802286,-13.204896109952813,54.39383,10.198068,1,0.751825
2022-07-05 15:14:12,1657034048.0,5,188.0,191.2,8.1,0.0,0,0,8.1015625,0.0,0,211813590,8.237419719035236,250.57724245835576,0.3176424929017969,-13.067285403478124,54.393611,10.197992,1,0.732169
2022-07-05 15:14:18,1657034060.0,5,189.0,191.8,8.1,0.0,0,0,8.1015625,0.0,0,211813590,8.2948070883817,250.1891485107869,0.3880939475688478,34.432421607878894,54.393391,10.197914,1,0.712632
2022-07-05 15:14:24,1657034060.0,5,189.0,191.8,8.1,0.0,0,0,8.1015625,-3.7338458166860535,0,211813590,8.306952490708175,249.95527790630115,0.2338706044857872,7.287241395884791,54.393171,10.197835,1,0.693392
2022-07-05 15:14:30,1657034060.0,5,189.0,191.8,8.1,0.0,0,0,8.1015625,-20.76737638867817,0,211813590,8.331650808048218,249.48962065840016,0.4656572479009924,14.81899040402581,54.392951,10.197754,1,0.67438
2022-07-05 15:14:36,1657034060.0,5,189.0,191.8,8.1,0.0,0,0,8.1015625,-46.58743404305535,0,211813590,8.344204336393945,249.2578477731556,0.2317728852445668,7.532117007436056,54.392731,10.197672,1,0.655726
2022-07-05 15:14:42,1657034099.0,5,188.0,191.5,8.1,-127.0,0,0,8.1015625,-75.64463325410071,0,211813590,8.344206201065523,249.2578526579368,4.884781191094589e-06,0.00111880294682,54.392511,10.19759,1,0.637566
2022-07-05 15:14:48,1657034099.0,5,188.0,191.5,8.1,-127.0,0,0,8.1015625,-102.38958849609736,0,211813590,8.319240126772197,249.72211632395076,0.4642636660139487,-14.979644575995724,54.392291,10.19751,1,0.62015
2022-07-05 15:14:54,1657034099.0,5,188.0,191.5,8.1,-127.0,0,0,8.1015625,-121.27291424332844,0,211813590,8.270943198249599,250.658990487066,0.9368741631152488,-28.978157113558822,54.392071,10.197434,1,0.603741
2022-07-05 15:15:00,1657034099.0,5,188.0,191.5,8.1,-127.0,0,0,8.098079561042523,-123.84749234267244,0,211813590,8.202661089443964,252.0845907646673,1.425600277601319,-40.96926528338081,54.391851,10.197364,1,0.588614
2022-07-05 15:15:06,1657034108.0,5,187.0,190.4,8.0,0.0,0,0,8.012817215363512,-30.761410827367182,0,211813590,8.075673350816892,254.1980145642175,2.1134237995501906,-76.19264317624328,54.391632,10.197303,1,0.575193
2022-07-05 15:15:12,1657034108.0,5,187.0,190.4,8.0,0.0,0,0,8.0,54.57584982242516,0,211813590,8.127930013282858,249.7654621704917,4.432552393725786,31.353997479579828,54.391417,10.197225,1,0.560834
2022-07-05 15:15:18,1657034120.0,5,190.0,194.4,8.0,127.0,0,0,8.0,120.9753932014206,0,211813590,8.369153905918317,245.04776401561065,4.717698154881049,144.7343355812752,54.391203,10.197127,1,0.545104
2022-07-05 15:15:24,1657034120.0,5,190.0,194.4,8.0,127.0,0,0,8.0,127.0,0,211813590,8.445673805696625,243.39514259402503,1.652621421585593,45.91193986698485,54.39099,10.197022,1,0.529421
2022-07-05 15:15:30,1657034129.0,5,193.0,197.0,8.0,127.0,0,0,8.0,127.0,0,211813590,8.632294723867599,240.510278143515,2.884864450510065,111.97255090258408,54.390778,10.196904,1,0.513167
2022-07-05 15:15:36,1657034139.0,5,197.0,200.8,8.0,127.0,0,0,8.0,127.0,0,211813590,8.798827102006015,237.31113718506816,3.199140958446833,99.91942688305002,54.390569,10.196772,1,0.496293
2022-07-05 15:15:42,1657034139.0,5,197.0,200.8,8.0,127.0,0,0,8.0,127.0,0,211813590,8.968750234836099,233.28558487436044,4.025552310707724,101.9538796980502,54.390366,10.196623,1,0.478509
2022-07-05 15:15:48,1657034150.0,5,203.0,206.4,8.0,127.0,0,0,8.0,127.0,0,211813590,9.301298702427443,228.89975388646332,4.385830987897094,199.52908055480663,54.390168,10.196453,1,0.459373
2022-07-05 15:15:54,1657034150.0,5,203.0,206.4,8.0,127.0,0,0,8.0,127.0,0,211813590,9.532892954097123,225.1502924015746,3.749461484888741,138.95655100180804,54.389977,10.196266,1,0.439356
2022-07-05 15:16:00,1657034160.0,5,208.0,211.4,8.0,127.0,0,1,8.0,127.0,0,211813590,9.800306864043831,221.89014786637088,3.2601445352037217,160.44834596802568,54.389792,10.196063,1,0.418616
2022-07-05 15:16:06,1657034168.0,5,210.0,213.6,8.0,127.0,0,0,8.0,127.0,0,211813590,10.069159096314548,220.5247863112509,1.3653615551199891,161.3113393624282,54.389607,10.19585,1,0.398002
2022-07-05 15:16:12,1657034168.0,5,210.0,213.6,8.0,127.0,0,0,8.026331018518517,94.07407407407406,0,211813590,10.065276768365466,220.81075324554936,0.2859669342984716,-2.3293967694481665,54.389421,10.195638,1,0.378952
2022-07-05 15:16:18,1657034180.0,5,211.0,213.8,8.1,0.0,0,0,8.094039351851851,9.40740740740739,0,211813590,10.014946386354582,220.7919903379312,0.0187629076181963,-30.198229206530417,54.389236,10.195427,1,0.361644
2022-07-05 15:16:24,1657034180.0,5,211.0,213.8,8.1,0.0,0,0,8.059209962277093,52.960219478738,0,211813590,10.170318427990653,218.99837022462552,1.79362011330565,93.22322498164226,54.389055,10.195207,1,0.345151
2022-07-05 15:16:30,1657034189.0,5,213.0,216.0,8.0,127.0,0,0,8.00284375,127.0,0,211813590,10.40046136216519,217.72610595989676,1.2722642647287898,138.08576050472254,54.388875,10.194978,1,0.329878
2022-07-05 15:16:36,1657034199.0,5,214.0,217.2,8.1,127.0,0,0,8.079625,127.0,0,211813590,10.649494678115287,216.9305601126985,0.7955458471982126,149.41998957005927,54.388694,10.194741,1,0.316432
2022-07-05 15:16:42,1657034199.0,5,214.0,217.2,8.1,127.0,0,0,8.1015625,103.81367392937642,0,211813590,10.535646089456012,216.43324481550195,0.4973152971965646,-68.3091531955661,54.388517,10.194505,1,0.305764
2022-07-05 15:16:48,1657034210.0,5,215.0,218.2,8.1,0.0,0,0,8.1015625,11.06836964688202,0,211813590,10.343797191616972,216.00005027873664,0.4331945367653134,-115.1093387034244,54.388345,10.194272,1,0.298146
2022-07-05 15:16:54,1657034210.0,5,215.0,218.2,8.1,0.0,0,0,8.0658125,0.0,0,211813590,10.26500350464791,216.07611360771128,0.0760633289746408,-47.27621218143732,54.388174,10.194041,1,0.293881
2022-07-05 15:17:00,1657034220.0,5,216.0,219.4,8.0,0.0,0,1,8.0,0.0,0,211813590,10.281297465624032,215.5220025619333,0.5541110457779723,9.776376585673674,54.388005,10.193808,1,0.292693
2022-07-05 15:17:06,1657034228.0,5,216.0,219.8,8.0,0.0,0,0,8.0,0.0,0,211813590,10.563901080745538,213.9651150464479,1.556887515485414,169.5621690729034,54.387838,10.193564,1,0.294162
2022-07-05 15:17:12,1657034228.0,5,216.0,219.8,8.0,0.0,0,0,7.948350694444445,0.0,0,211813590,10.465762462685737,214.5649569112755,0.5998418648275958,-58.88317083588176,54.38767,10.193324,1,0.299468
2022-07-05 15:17:18,1657034240.0,5,215.0,219.9,7.8,0.0,0,0,7.815538194444445,0.0,0,211813590,10.37760447031816,214.90243759201704,0.3374806807415496,-52.89479542054529,54.387502,10.193087,1,0.308181
2022-07-05 15:17:24,1657034240.0,5,215.0,219.9,7.8,0.0,0,0,7.80078125,0.0,0,211813590,10.405448360066227,214.0842387907076,0.8181988013094212,16.70633384884077,54.387337,10.192847,1,0.31949
2022-07-05 15:17:30,1657034249.0,5,216.0,221.2,7.8,0.0,0,0,7.80078125,0.0,0,211813590,10.4952904380014,213.0556540650684,1.028584725639206,53.90524676110431,54.387175,10.192602,1,0.330113
2022-07-05 15:17:36,1657034260.0,5,218.0,222.8,7.8,0.0,0,0,7.80078125,0.0,0,211813590,10.74760723705933,211.9582082183776,1.097445846690846,151.39007943475775,54.387014,10.192348,1,0.335701
2022-07-05 15:17:42,1657034260.0,5,218.0,222.8,7.8,0.0,0,0,7.80078125,0.0,0,211813590,10.691356463338774,211.4762789538628,0.4819292645148039,-33.750464232333854,54.386856,10.192094,1,0.340985
2022-07-05 15:17:48,1657034270.0,5,219.0,223.4,7.8,0.0,0,0,7.80078125,0.0,0,211813590,10.56856183572158,210.76114226848983,0.7151366853729257,-73.6767765703167,54.386703,10.191841,1,0.345804
2022-07-05 15:17:54,1657034270.0,5,219.0,223.4,7.8,0.0,0,0,7.76503125,44.704,0,211813590,10.513472586565078,211.3922713637388,0.6311290952489514,-33.05354949390136,54.386548,10.191591,1,0.351928
2022-07-05 15:18:00,1657034280.0,5,220.0,224.2,7.7,127.0,0,1,7.69921875,127.0,0,211813590,10.50715017797056,210.96141381481192,0.4308575489268662,-3.793445156711428,54.386395,10.19134,1,0.360599
2022-07-05 15:18:06,1657034288.0,5,222.0,226.2,7.7,0.0,0,0,7.69921875,19.84375,0,211813590,10.707107427731506,208.5772947721331,2.384119042678833,119.97434985656844,54.38625,10.191078,1,0.370864
2022-07-05 15:18:12,1657034288.0,5,222.0,226.2,7.7,0.0,0,0,7.69921875,0.0,0,211813590,10.7870196253254,208.55970706091384,0.0175877112192495,47.94731855633714,54.386104,10.190814,1,0.383804
2022-07-05 15:18:18,1657034300.0,5,223.0,227.0,7.7,0.0,0,0,7.69921875,0.0,0,211813590,10.88142541846158,208.28871165324455,0.2709954076692611,56.64347588170742,54.385958,10.190547,1,0.399072
2022-07-05 15:18:24,1657034300.0,5,223.0,227.0,7.7,0.0,0,0,7.69921875,52.960219478738,0,211813590,10.989701176268122,207.35895357046903,0.9297580827755496,64.96545468392512,54.385815,10.190275,1,0.414741
2022-07-05 15:18:30,1657034309.0,5,225.0,229.8,7.7,127.0,0,0,7.69921875,127.0,0,211813590,11.23385227213222,204.90961899255677,2.449334577912282,146.4906575184596,54.385681,10.189991,1,0.429425
2022-07-05 15:18:36,1657034320.0,5,232.0,236.9,7.7,127.0,0,0,7.69921875,127.0,0,211813590,11.729602605763048,202.09884763872088,2.8107713538358894,297.4502001784952,54.385556,10.189688,0,0.443122
2022-07-05 15:18:42,1657034320.0,5,232.0,236.9,7.7,127.0,0,0,7.69921875,127.0,0,211813590,11.98907641311087,198.53737116833625,3.5614764703846333,155.6842844086944,54.385448,10.189371,0,0.455661
2022-07-05 15:18:48,1657034330.0,5,239.0,244.8,7.7,127.0,0,0,7.69921875,127.0,0,211813590,12.302630096099264,195.2996394097424,3.23773175859381,188.1322097930351,54.385356,10.18904,0,0.469145
2022-07-05 15:18:54,1657034330.0,5,239.0,244.8,7.7,127.0,0,0,7.69921875,127.0,0,211813590,12.5541652031052,191.6732025768027,3.626436832939703,150.92106420356225,54.385284,10.188697,0,0.482259
2022-07-05 15:19:00,1657034340.0,5,248.0,253.6,7.7,127.0,0,1,7.69921875,127.0,0,211813590,12.829424787031614,188.53844382123532,3.1347587555673613,165.15575035584897,54.38523,10.188343,0,0.493491
2022-07-05 15:19:06,1657034348.0,5,255.0,259.8,7.7,127.0,0,0,7.69921875,127.0,0,211813590,12.989175012527594,185.14113982566576,3.3973039955695867,95.85013529758795,54.385197,10.187982,0,0.501027
2022-07-05 15:19:12,1657034348.0,5,255.0,259.8,7.7,127.0,0,0,7.720951182915215,127.0,0,211813590,13.178814428366652,183.68270953209185,1.4584302935739402,113.78364950343531,54.385173,10.187615,0,0.507646
2022-07-05 15:19:18,1657034359.0,5,260.0,264.8,7.8,127.0,0,0,7.790567808314204,127.0,0,211813590,13.274137561462208,182.74132580630396,0.9413837257878868,57.19387985733277,54.385155,10.187245,0,0.51411
2022-07-05 15:19:24,1657034369.0,5,262.0,266.5,7.9,127.0,0,0,7.8614794356634015,127.0,0,211813590,13.3038691689243,182.12704410081352,0.6142817054904128,17.83896447725475,54.385141,10.186874,0,0.521382
2022-07-05 15:19:30,1657034369.0,5,262.0,266.5,7.9,127.0,0,0,7.8984375,124.04207362885047,0,211813590,13.37195431822024,181.6625870270757,0.4644570737378046,40.85108957756454,54.38513,10.186501,0,0.528001
2022-07-05 15:19:36,1657034380.0,5,262.0,267.5,7.9,0.0,0,0,7.8984375,38.16679188580014,0,211813590,13.479411901256825,181.6493310041253,0.0132560229504292,64.47454982194962,54.385119,10.186125,0,0.53375
2022-07-05 15:19:42,1657034380.0,5,262.0,267.5,7.9,0.0,0,0,7.8984375,0.0,0,211813590,13.441717239652226,181.35317498438167,0.2961560197436199,-22.6167969627582,54.38511,10.18575,0,0.535829
2022-07-05 15:19:48,1657034390.0,5,263.0,268.0,7.9,0.0,0,0,7.8984375,0.0,0,211813590,13.439607254478489,180.9022109049689,0.4509640794127563,-1.2659911042433691,54.385104,10.185375,0,0.536665
2022-07-05 15:19:54,1657034390.0,5,263.0,268.0,7.9,0.0,0,0,7.9341875,0.0,0,211813590,13.474501659019142,180.59990264140043,0.3023082635684773,20.93664272439284,54.3851,10.184999,0,0.539778
2022-07-05 15:20:00,1657034400.0,5,263.0,269.0,8.0,0.0,0,1,8.0,0.0,0,211813590,13.510007329639754,180.4487412943968,0.1511613470036366,21.30340237236723,54.385097,10.184622,0,0.538302
2022-07-05 15:20:06,1657034409.0,5,264.0,269.2,8.0,0.0,0,0,8.0,0.0,0,211813590,13.581673701796824,180.4463738929468,0.0023674014500159,42.999823294242034,54.385094,10.184243,0,0.531409
2022-07-05 15:20:12,1657034409.0,5,264.0,269.2,8.0,0.0,0,0,8.0,0.0,0,211813590,13.58241569827366,180.74393061646035,0.2975567235135656,0.4451978861020222,54.385089,10.183864,0,0.527984
2022-07-05 15:20:18,1657034419.0,5,263.0,268.2,8.0,0.0,0,0,8.0,0.0,0,211813590,13.547095673392848,180.8950569709087,0.1511263544483654,-21.192014928487524,54.385083,10.183486,0,0.527984
2022-07-05 15:20:24,1657034429.0,5,265.0,269.0,7.9,0.0,0,0,7.94921875,0.0,0,211813590,13.47543537958714,180.8998181920492,0.0047612211405123,-42.99617628342389,54.385077,10.18311,0,0.530957
2022-07-05 15:20:30,1657034429.0,5,265.0,269.0,7.9,0.0,0,0,7.900802967693464,2.957926371149512,0,211813590,13.473938616489704,180.2999616722087,0.5998565198405288,-0.8980578584623089,54.385075,10.182734,0,0.534011
2022-07-05 15:20:36,1657034440.0,5,267.0,272.2,8.0,127.0,0,0,7.969477836213373,88.83320811419986,0,211813590,13.550071350758794,178.50844876427757,1.7915129079311498,45.67964056145364,54.385085,10.182356,0,0.535769
2022-07-05 15:20:42,1657034440.0,5,267.0,272.2,8.0,127.0,0,0,7.99715625,123.444,0,211813590,13.477538585588931,178.65040660633906,0.1419578420615153,-43.51965910191744,54.385094,10.18198,0,0.530601
2022-07-05 15:20:48,1657034440.0,5,267.0,272.2,8.0,127.0,0,0,7.96425,82.29599999999999,0,211813590,13.43960420376557,179.0977784330271,0.4473718266880269,-22.76062909401624,54.3851,10.181605,0,0.518666
2022-07-05 15:20:54,1657034460.0,5,266.0,270.5,7.9,0.0,0,0,7.920375,27.432,0,211813590,13.403256827700222,179.24611870547437,0.1483402724472853,-21.80842563920926,54.385105,10.181231,0,0.509962
2022-07-05 15:21:00,1657034460.0,5,266.0,270.5,7.9,0.0,0,1,7.8984375,0.0,0,211813590,13.368556549125046,178.94179463282455,0.3043240726498197,-20.820167145105728,54.385112,10.180858,0,0.504302
2022-07-05 15:21:06,1657034469.0,5,267.0,272.5,7.9,127.0,0,0,7.8984375,94.07407407407406,0,211813590,13.299316502527963,178.48031046303595,0.4614841697886049,-41.54402795824943,54.385122,10.180487,0,0.50165
2022-07-05 15:21:12,1657034469.0,5,267.0,272.5,7.9,127.0,0,0,7.886342700559702,127.0,0,211813590,13.24010078600786,177.0987378597937,1.3815726032422615,-35.52942991206116,54.385141,10.180118,0,0.499568
2022-07-05 15:21:18,1657034479.0,5,273.0,278.0,7.8,127.0,0,0,7.815085704291045,127.0,0,211813590,13.060549637566268,174.88690427433312,2.2118335854605675,-107.73068906495595,54.385174,10.179755,0,0.495953
2022-07-05 15:21:24,1657034479.0,5,273.0,278.0,7.8,127.0,0,0,7.689915690803656,127.0,0,211813590,11.862477249168563,173.68354353547113,1.2033607388619885,-718.843433038623,54.385211,10.179426,0,0.491899
2022-07-05 15:21:30,1657034490.0,5,280.0,283.5,7.5,127.0,0,1,7.5,127.0,0,211813590,11.527358876160244,171.37608648473042,2.307457050740709,-201.0710238049924,54.38526,10.179108,0,0.486636
2022-07-05 15:21:36,1657034500.0,5,287.0,293.5,7.1,127.0,0,0,7.249333318407804,127.0,0,211813590,12.560411382950427,166.01984274001734,5.356243744713083,619.8315040741107,54.385346,10.178768,0,0.479493
2022-07-05 15:21:42,1657034500.0,5,287.0,293.5,7.1,127.0,0,0,7.053714691558442,127.0,0,211813590,11.959273440108197,163.01414860496675,3.005694135050589,-360.6827657053384,54.385445,10.178449,0,0.4736
2022-07-05 15:21:48,1657034510.0,5,293.0,298.5,6.9,127.0,0,0,6.94182711038961,127.0,0,211813590,10.721248502418334,161.77623602491315,1.237912580053603,-742.8149626139177,54.38554,10.178165,0,0.470004
2022-07-05 15:21:54,1657034510.0,5,293.0,298.5,6.9,127.0,0,0,6.798940878351547,82.29599999999999,0,211813590,10.551323395669282,161.47175168190256,0.3044843430105857,-101.95506404943087,54.385635,10.177886,0,0.46855
2022-07-05 15:22:00,1657034520.0,5,295.0,300.0,6.6,0.0,0,1,6.6015625,0.0,0,211813590,10.15518343316124,161.7728769640612,0.3011252821586367,-237.6839775048257,54.385725,10.177617,0,0.466838
2022-07-05 15:22:06,1657034529.0,5,295.0,299.5,6.0,0.0,0,0,6.212872841921014,0.0,0,211813590,9.398013562012869,162.5173987548602,0.7445217907990127,-454.3019226890223,54.385805,10.177367,0,0.456369
2022-07-05 15:22:12,1657034529.0,5,295.0,299.5,6.0,0.0,0,0,5.809587562959104,0.0,0,211813590,8.866164023398998,162.63050109320864,0.1131023383484262,-319.10972316832266,54.38588,10.177131,0,0.432517
2022-07-05 15:22:18,1657034539.0,5,295.0,299.5,5.4,0.0,0,0,5.451613364879292,0.0,0,211813590,8.355799319604882,162.29578824505825,0.3347128481503887,-306.21882227646927,54.385952,10.176909,0,0.41036
2022-07-05 15:22:24,1657034539.0,5,295.0,299.5,5.4,0.0,0,0,5.15208287468693,0.0,0,211813590,7.132444681215034,161.83589685696063,0.459891388097617,-734.0127830339089,54.386015,10.17672,0,0.391702
2022-07-05 15:22:30,1657034550.0,5,296.0,300.8,4.9,0.0,0,1,4.8984375,0.0,0,211813590,6.747613953375804,161.07649380226974,0.7594030546908925,-230.89843670353784,54.386077,10.176542,0,0.374231
2022-07-05 15:22:36,1657034550.0,5,296.0,300.8,4.9,0.0,0,0,4.684129125742042,29.99562618457501,0,211813590,7.245899786704872,160.95189525457818,0.124598547691562,298.97149999744084,54.386144,10.176351,0,0.355843
2022-07-05 15:22:42,1657034569.0,5,299.0,303.5,4.3,127.0,0,0,4.493901970323799,87.98717014142004,0,211813590,7.359100197250105,160.96548408910326,0.0135888345250805,67.92024632713947,54.386212,10.176157,0,0.337663
2022-07-05 15:22:48,1657034569.0,5,299.0,303.5,4.3,127.0,0,0,4.326537970699167,125.98162997521509,0,211813590,7.000274018908675,159.63919707034574,1.3262870187575118,-215.2957070048581,54.386281,10.175974,0,0.320586
2022-07-05 15:22:54,1657034578.0,5,301.0,305.5,4.1,127.0,0,0,4.184300588414578,127.0,0,211813590,6.339946397627817,158.09442575944047,1.5447713109052756,-396.1965727685145,54.386348,10.17581,0,0.30527
2022-07-05 15:23:00,1657034578.0,5,301.0,305.5,4.1,127.0,0,0,4.06094840480181,127.0,0,211813590,5.79802060308677,156.30181318816483,1.7926125712756402,-325.1554767246283,54.386414,10.175662,0,0.291341
2022-07-05 15:23:06,1657034589.0,5,304.0,308.5,3.9,127.0,0,0,3.945532319219951,127.0,0,211813590,5.424598708031096,154.96789622724987,1.333916960914962,-224.05313703340468,54.386479,10.175525,0,0.278461
2022-07-05 15:23:12,1657034589.0,5,304.0,308.5,3.9,127.0,0,0,3.8660453496362304,127.0,0,211813590,5.518599467320168,153.79654896382283,1.1713472634270374,56.40045557344315,54.386548,10.175387,0,0.265562
2022-07-05 15:23:18,1657034599.0,5,307.0,310.5,3.8,127.0,0,0,3.8101819854811847,127.0,0,211813590,5.518578402073235,152.97399887145923,0.8225500923635991,-0.0126391481595433,54.386619,10.17525,0,0.252897
2022-07-05 15:23:24,1657034599.0,5,307.0,310.5,3.8,127.0,0,0,3.7426411402584425,72.13523666416228,0,211813590,4.942619966852479,153.2455205559604,0.2715216845011809,-345.5750611324538,54.386682,10.175127,0,0.241634
2022-07-05 15:23:30,1657034610.0,5,308.0,310.5,3.7,0.0,0,1,3.69921875,0.0,0,211813590,4.798783198720139,153.79652209752908,0.5510015415686667,-86.30206087940361,54.386742,10.175007,0,0.230796
2022-07-05 15:23:36,1657034619.0,5,307.0,309.0,3.7,0.0,0,0,3.69921875,0.0,0,211813590,5.264675797224132,155.00343458147177,1.2069124839426877,279.5355591023954,54.386805,10.174874,0,0.219142
2022-07-05 15:23:42,1657034619.0,5,307.0,309.0,3.7,0.0,0,0,3.677703125,0.0,0,211813590,5.602028808694419,155.41688586757118,0.4134512860994164,202.4118068821723,54.386871,10.174732,0,0.20683
2022-07-05 15:23:48,1657034629.0,5,307.0,309.5,3.6,0.0,0,0,3.6023984375,0.0,0,211813590,5.904386864498142,154.872646522202,0.544239345369192,181.414833482234,54.386942,10.174583,0,0.193731
2022-07-05 15:23:54,1657034638.0,5,308.0,311.5,3.6,127.0,0,0,3.599609375,74.039780521262,0,211813590,5.2305867350639845,153.10223333536874,1.7704131868332524,-404.2800776604945,54.387009,10.174453,0,0.181785
2022-07-05 15:24:00,1657034638.0,5,308.0,311.5,3.6,127.0,0,0,3.599609375,115.93163035311797,0,211813590,5.055114412884241,152.53922876114257,0.56300457422617,-105.28339330784604,54.387075,10.174328,0,0.170136
2022-07-05 15:24:06,1657034649.0,5,309.0,312.8,3.6,0.0,0,0,3.599609375,23.186326070623597,0,211813590,5.025439213456247,151.44708098283974,1.0921477783028308,-17.805119656796542,54.387143,10.174205,0,0.15836
2022-07-05 15:24:12,1657034649.0,5,309.0,312.8,3.6,0.0,0,0,3.5840748333490926,0.0,0,211813590,5.056898030283456,151.6414203266711,0.1943393438313592,18.875290096325514,54.387211,10.174081,0,0.146546
2022-07-05 15:24:18,1657034659.0,5,309.0,312.8,3.5,0.0,0,0,3.510479026805976,0.0,0,211813590,5.008482996647717,151.80199936100462,0.1605790343335229,-29.04902018144337,54.387278,10.173958,0,0.134873
2022-07-05 15:24:24,1657034659.0,5,309.0,312.8,3.5,0.0,0,0,3.459052173724678,0.0,0,211813590,4.800039579624408,154.74197183933427,2.9399724783296506,-125.06605021398548,54.387336,10.173837,0,0.124201
2022-07-05 15:24:30,1657034670.0,5,308.0,312.0,3.4,0.0,0,1,3.400390625,0.0,0,211813590,4.7049606030190585,155.14694343647284,0.4049715971385694,-57.04738596320968,54.387392,10.173718,0,0.113811
2022-07-05 15:24:36,1657034679.0,5,307.0,313.0,3.2,0.0,0,0,3.2766723883668307,0.0,0,211813590,4.494738700776598,153.39248547443503,1.7544579620378045,-126.13314134547603,54.387449,10.173606,0,0.103593
2022-07-05 15:24:42,1657034679.0,5,307.0,313.0,3.2,0.0,0,0,3.1170694048935026,0.0,0,211813590,4.449010732096578,151.55098322676935,1.8415022476656877,-27.43678120801203,54.387509,10.173497,0,0.093185
2022-07-05 15:24:48,1657034689.0,5,308.0,313.2,2.9,0.0,0,0,2.9320446067899466,0.0,0,211813590,4.487781036243705,149.74602511381204,1.8049581129573085,23.26218248827594,54.387573,10.173389,0,0.082405
2022-07-05 15:24:54,1657034698.0,5,307.0,314.0,2.6,0.0,0,0,2.74115836717797,0.0,0,211813590,3.733840522332128,149.90211445233035,0.1560893385183135,-452.3643083469464,54.387626,10.173299,0,0.073456
2022-07-05 15:25:00,1657034698.0,5,307.0,314.0,2.6,0.0,0,0,2.515437486860338,0.0,0,211813590,3.281840393709063,151.02860638372573,1.1264919313953785,-271.2000771738388,54.387671,10.173219,0,0.065718
2022-07-05 15:25:06,1657034709.0,5,307.0,310.5,2.1,0.0,0,0,2.2252343679079103,0.0,0,211813590,2.975987842106459,154.7114345453681,3.6828281616423615,-183.5115309615623,54.387707,10.173144,0,0.059098
2022-07-05 15:25:12,1657034709.0,5,307.0,310.5,2.1,0.0,0,0,1.9999141372541904,-27.432,0,211813590,2.656831938543705,151.40347639228105,3.3079581530870428,-191.49354213765253,54.387743,10.173079,0,0.052868
2022-07-05 15:25:18,1657034719.0,5,304.0,315.8,1.8,-127.0,0,0,1.828103321023922,-123.44400000000002,0,211813590,2.3417763891233467,149.1375490409498,2.265927351331243,-189.0333296522149,54.387777,10.173023,0,0.047195
2022-07-05 15:25:24,1657034719.0,5,304.0,315.8,1.8,-127.0,0,0,1.6736361824518289,-72.13523666416228,0,211813590,2.014267954432749,143.36264817565484,5.774900865294967,-196.50506081435836,54.387811,10.172978,0,0.041952
2022-07-05 15:25:30,1657034730.0,5,304.0,318.5,1.5,0.0,0,1,1.5,0.0,0,211813590,1.7733709121737804,140.34579631937618,3.016851856278663,-144.53822535538148,54.387843,10.17294,0,0.037187
2022-07-05 15:25:36,1657034739.0,5,306.0,320.0,1.0,0.0,0,0,1.1285698375340996,0.0,0,211813590,1.4885051114113996,136.42456385543522,3.921232463940953,-170.91948045742845,54.387872,10.17291,0,0.033042
2022-07-05 15:25:42,1657034739.0,5,306.0,320.0,1.0,0.0,0,0,0.9478110835216702,-0.0959418197795312,0,211813590,0.9716770264148956,144.4034163536512,7.978852498215986,-310.09685099790244,54.387888,10.172888,0,0.030542
2022-07-05 15:25:48,1657034739.0,5,306.0,320.0,1.0,0.0,0,0,0.8488421255898272,-0.8603207388432814,0,211813590,0.86474318984212,150.64462496920703,6.24120861555582,-64.16030194366539,54.3879,10.172867,0,0.028492
2022-07-05 15:25:54,1657034739.0,5,306.0,320.0,1.0,0.0,0,0,0.7569352179499442,-2.381014165752172,0,211813590,0.8478164923957318,152.72550246962896,2.080877500421934,-10.156018467832917,54.387911,10.172846,0,0.026544
2022-07-05 15:26:00,1657034739.0,5,306.0,320.0,1.0,0.0,0,0,0.6719106209126668,-4.649607062712871,0,211813590,0.7997982064383222,153.79636790168286,1.0708654320538926,-28.81097157444572,54.387921,10.172826,0,0.024738
2022-07-05 15:26:06,1657034739.0,5,306.0,320.0,1.0,0.0,0,0,0.5935885947886412,-7.6576843919320465,0,211813590,0.799798215545604,153.79636646735116,1.4343316934173345e-06,5.464369090546484e-06,54.387931,10.172806,0,0.022931
2022-07-05 15:26:12,1657034739.0,5,306.0,320.0,1.0,0.0,0,0,0.5217893998885125,-11.396831115616369,0,211813590,0.7520973674146375,155.00329199943985,1.2069255320886896,-28.62050887857992,54.38794,10.172787,0,0.021266
2022-07-05 15:26:18,1657034739.0,5,306.0,320.0,1.0,0.0,0,0,0.4563332965229266,-15.8586321959725,0,211813590,0.752097374899069,155.00329069739337,1.302046484852326e-06,4.490658911393552e-06,54.387949,10.172768,0,0.019602
2022-07-05 15:26:24,1657034739.0,5,306.0,320.0,1.0,0.0,0,0,0.3970405450025291,-21.03467259520712,0,211813590,0.6579237719158542,157.9376983811752,2.934407683781842,-56.50416178992892,54.387956,10.172751,0,0.01822
2022-07-05 15:26:30,1657034739.0,5,306.0,320.0,1.0,0.0,0,0,0.343731405637966,-26.91653727552688,0,211813590,0.7047784289968934,156.37265760429614,1.5650407768790728,28.11279424862352,54.387964,10.172733,0,0.016697
2022-07-05 15:26:36,1657034852.0,5,319.0,320.8,0.1,-127.0,0,0,0.2962261387398827,-33.49581119913846,0,211813590,0.6116401480646568,159.7406476031599,3.367989998863777,-55.88296855934192,54.38797,10.172717,0,0.015457
2022-07-05 15:26:42,1657034852.0,5,319.0,320.8,0.1,-127.0,0,0,0.2543450046189248,-40.76407932824851,0,211813590,0.5781837005976377,158.50984756734078,1.2308000358191291,-20.073868480211488,54.387976,10.172702,0,0.014256
2022-07-05 15:26:48,1657034852.0,5,319.0,320.8,0.1,-127.0,0,0,0.2179082635857381,-48.71292662506374,0,211813590,0.5450296546535978,157.12831694982196,1.3815306175188198,-19.89242756642395,54.387982,10.172688,0,0.013094
2022-07-05 15:26:54,1657034852.0,5,319.0,320.8,0.1,-127.0,0,0,0.1867361759509684,-57.33393805179077,0,211813590,0.4870107632146551,163.1507816592327,6.0224647094107695,-34.8113348633656,54.387986,10.172675,0,0.012176
2022-07-05 15:27:00,1657034852.0,5,319.0,320.8,0.1,-127.0,0,0,0.1606490020252612,-66.6186985706363,0,211813590,0.418977806377072,160.3066958970469,2.8440857621858413,-40.81977410254982,54.38799,10.172664,0,0.011336
2022-07-05 15:27:06,1657034852.0,5,319.0,320.8,0.1,-127.0,0,0,0.1394670021192626,-76.55879314380698,0,211813590,0.3854558076061324,158.50984466058435,1.796851236462544,-20.113199262563786,54.387994,10.172654,0,0.010536
2022-07-05 15:27:12,1657034852.0,5,319.0,320.8,0.1,-127.0,0,0,0.1230104365436177,-87.14580673350949,0,211813590,0.3302332126182636,167.6620665365242,9.152221875939858,-33.13355699272128,54.387996,10.172645,0,0.009979
2022-07-05 15:27:18,1657034852.0,5,319.0,320.8,0.1,-127.0,0,0,0.1110995656089724,-98.3713243019505,0,211813590,0.2264270523708662,161.83568041202602,5.826386124498185,-62.28369614843844,54.387998,10.172639,0,0.00954
2022-07-05 15:27:24,1657034852.0,5,319.0,320.8,0.1,-127.0,0,0,0.1035546496259726,-110.22693081133666,0,211813590,0.1826554042017795,168.86338052040583,7.027700108379804,-26.26298890145201,54.387999,10.172634,0,0.009242
2022-07-05 15:27:30,1657034852.0,5,319.0,320.8,0.1,-127.0,0,0,0.1001959489052637,-122.70421122387464,0,211813590,0.113213526478113,161.8356800516176,7.027700468788225,-41.66512663419989,54.388,10.172631,0,0.009022
